Formation,Play Name,Play Type,Personnel,Audible,Protection,Notes
I-Formation,Dive,Run,21,Dive,5-man,Simple dive play up the middle
Shotgun,Bubble Screen,Pass,11,Bubble,6-man,Quick screen to receiver
Pro Set,Play Action Deep,Play Action,21,PA Deep,7-man,Deep crossing route
Spread,RPO Slant,RPO,10,RPO,5-man,Read play option with slant
Pistol,Counter,Run,21,Counter,6-man,Gap scheme counter play
Empty,Four Verts,Pass,00,Verts,Max,All receivers run vertical routes
21 Personnel,Power O,Run,21,Power,7-man,Power running scheme
Trips Right,Smash,Pass,11,Smash,6-man,High-low concept
Wing-T,Jet Sweep,Run,20,Jet,5-man,Outside sweep play
